'UF';'total_despesas';'media_por_operadora'
'SP';'873399091964';'10718526.010480456'
'RJ';'717724496688';'56142404.30913642'
'PR';'151306080636';'12403154.409049923'
'DF';'149769054511';'33610649.5760772'
'MG';'148318417350';'7154081.485143739'
